"filename", "language", "Markdown", "PostCSS", "HTML", "JavaScript", "JSON", "comment", "blank", "total"
"c:\Users\angel\OneDrive\Documentos\MediTrackWebApp\README.md", "Markdown", 0, 0, 0, 0, 0, 0, 1, 1
"c:\Users\angel\OneDrive\Documentos\MediTrackWebApp\assets\icons\site.webmanifest", "JSON", 0, 0, 0, 0, 1, 0, 0, 1
"c:\Users\angel\OneDrive\Documentos\MediTrackWebApp\index.html", "HTML", 0, 0, 83, 0, 0, 0, 15, 98
"c:\Users\angel\OneDrive\Documentos\MediTrackWebApp\js\core\auth.js", "JavaScript", 0, 0, 0, 73, 0, 0, 22, 95
"c:\Users\angel\OneDrive\Documentos\MediTrackWebApp\js\core\config.js", "JavaScript", 0, 0, 0, 24, 0, 1, 5, 30
"c:\Users\angel\OneDrive\Documentos\MediTrackWebApp\js\core\helpers\confirmation-modal.js", "JavaScript", 0, 0, 0, 86, 0, 0, 19, 105
"c:\Users\angel\OneDrive\Documentos\MediTrackWebApp\js\core\helpers\form-submit-lock.js", "JavaScript", 0, 0, 0, 33, 0, 0, 8, 41
"c:\Users\angel\OneDrive\Documentos\MediTrackWebApp\js\core\http.js", "JavaScript", 0, 0, 0, 54, 0, 0, 16, 70
"c:\Users\angel\OneDrive\Documentos\MediTrackWebApp\js\core\layout.js", "JavaScript", 0, 0, 0, 63, 0, 2, 11, 76
"c:\Users\angel\OneDrive\Documentos\MediTrackWebApp\js\core\notify.js", "JavaScript", 0, 0, 0, 1, 0, 0, 1, 2
"c:\Users\angel\OneDrive\Documentos\MediTrackWebApp\js\core\notify\index.js", "JavaScript", 0, 0, 0, 10, 0, 0, 4, 14
"c:\Users\angel\OneDrive\Documentos\MediTrackWebApp\js\core\notify\notify.core.js", "JavaScript", 0, 0, 0, 33, 0, 0, 11, 44
"c:\Users\angel\OneDrive\Documentos\MediTrackWebApp\js\core\notify\notify.styles.js", "JavaScript", 0, 0, 0, 147, 0, 0, 5, 152
"c:\Users\angel\OneDrive\Documentos\MediTrackWebApp\js\features\alarmas\alarmas.controller.js", "JavaScript", 0, 0, 0, 95, 0, 0, 11, 106
"c:\Users\angel\OneDrive\Documentos\MediTrackWebApp\js\features\alarmas\alarmas.events.js", "JavaScript", 0, 0, 0, 106, 0, 0, 16, 122
"c:\Users\angel\OneDrive\Documentos\MediTrackWebApp\js\features\alarmas\alarmas.history.js", "JavaScript", 0, 0, 0, 172, 0, 0, 46, 218
"c:\Users\angel\OneDrive\Documentos\MediTrackWebApp\js\features\alarmas\alarmas.page-controller.js", "JavaScript", 0, 0, 0, 18, 0, 0, 4, 22
"c:\Users\angel\OneDrive\Documentos\MediTrackWebApp\js\features\alarmas\alarmas.render.js", "JavaScript", 0, 0, 0, 279, 0, 0, 29, 308
"c:\Users\angel\OneDrive\Documentos\MediTrackWebApp\js\features\alarmas\alarmas.state.js", "JavaScript", 0, 0, 0, 15, 0, 0, 2, 17
"c:\Users\angel\OneDrive\Documentos\MediTrackWebApp\js\features\alarmas\alarmas.topbar.js", "JavaScript", 0, 0, 0, 32, 0, 0, 9, 41
"c:\Users\angel\OneDrive\Documentos\MediTrackWebApp\js\features\alarmas\alarmas.utils.js", "JavaScript", 0, 0, 0, 40, 0, 0, 9, 49
"c:\Users\angel\OneDrive\Documentos\MediTrackWebApp\js\features\cuidador-alarmas\cuidador-alarmas.controller.js", "JavaScript", 0, 0, 0, 99, 0, 0, 10, 109
"c:\Users\angel\OneDrive\Documentos\MediTrackWebApp\js\features\cuidador-alarmas\cuidador-alarmas.data.js", "JavaScript", 0, 0, 0, 39, 0, 0, 7, 46
"c:\Users\angel\OneDrive\Documentos\MediTrackWebApp\js\features\cuidador-alarmas\cuidador-alarmas.events.js", "JavaScript", 0, 0, 0, 107, 0, 0, 14, 121
"c:\Users\angel\OneDrive\Documentos\MediTrackWebApp\js\features\cuidador-alarmas\cuidador-alarmas.history.js", "JavaScript", 0, 0, 0, 172, 0, 0, 46, 218
"c:\Users\angel\OneDrive\Documentos\MediTrackWebApp\js\features\cuidador-alarmas\cuidador-alarmas.page-controller.js", "JavaScript", 0, 0, 0, 140, 0, 7, 36, 183
"c:\Users\angel\OneDrive\Documentos\MediTrackWebApp\js\features\cuidador-alarmas\cuidador-alarmas.render.js", "JavaScript", 0, 0, 0, 282, 0, 5, 35, 322
"c:\Users\angel\OneDrive\Documentos\MediTrackWebApp\js\features\cuidador-alarmas\cuidador-alarmas.state.js", "JavaScript", 0, 0, 0, 12, 0, 3, 3, 18
"c:\Users\angel\OneDrive\Documentos\MediTrackWebApp\js\features\cuidador-alarmas\cuidador-alarmas.topbar.js", "JavaScript", 0, 0, 0, 32, 0, 0, 9, 41
"c:\Users\angel\OneDrive\Documentos\MediTrackWebApp\js\features\cuidador-alarmas\cuidador-alarmas.utils.js", "JavaScript", 0, 0, 0, 39, 0, 0, 8, 47
"c:\Users\angel\OneDrive\Documentos\MediTrackWebApp\js\features\cuidador-medicinas\cuidador-medicinas.actions.js", "JavaScript", 0, 0, 0, 198, 0, 0, 32, 230
"c:\Users\angel\OneDrive\Documentos\MediTrackWebApp\js\features\cuidador-medicinas\cuidador-medicinas.alarma.js", "JavaScript", 0, 0, 0, 133, 0, 0, 23, 156
"c:\Users\angel\OneDrive\Documentos\MediTrackWebApp\js\features\cuidador-medicinas\cuidador-medicinas.controller.js", "JavaScript", 0, 0, 0, 60, 0, 0, 8, 68
"c:\Users\angel\OneDrive\Documentos\MediTrackWebApp\js\features\cuidador-medicinas\cuidador-medicinas.data.js", "JavaScript", 0, 0, 0, 44, 0, 0, 9, 53
"c:\Users\angel\OneDrive\Documentos\MediTrackWebApp\js\features\cuidador-medicinas\cuidador-medicinas.dom.js", "JavaScript", 0, 0, 0, 198, 0, 0, 48, 246
"c:\Users\angel\OneDrive\Documentos\MediTrackWebApp\js\features\cuidador-medicinas\cuidador-medicinas.events.js", "JavaScript", 0, 0, 0, 86, 0, 0, 23, 109
"c:\Users\angel\OneDrive\Documentos\MediTrackWebApp\js\features\cuidador-medicinas\cuidador-medicinas.state.js", "JavaScript", 0, 0, 0, 84, 0, 1, 3, 88
"c:\Users\angel\OneDrive\Documentos\MediTrackWebApp\js\features\cuidador-vinculacion\cuidador-vinculacion.actions.js", "JavaScript", 0, 0, 0, 171, 0, 1, 31, 203
"c:\Users\angel\OneDrive\Documentos\MediTrackWebApp\js\features\cuidador-vinculacion\cuidador-vinculacion.controller.js", "JavaScript", 0, 0, 0, 45, 0, 0, 7, 52
"c:\Users\angel\OneDrive\Documentos\MediTrackWebApp\js\features\cuidador-vinculacion\cuidador-vinculacion.dom.js", "JavaScript", 0, 0, 0, 83, 0, 0, 7, 90
"c:\Users\angel\OneDrive\Documentos\MediTrackWebApp\js\features\cuidador-vinculacion\cuidador-vinculacion.modal.js", "JavaScript", 0, 0, 0, 126, 0, 0, 25, 151
"c:\Users\angel\OneDrive\Documentos\MediTrackWebApp\js\features\cuidador-vinculacion\cuidador-vinculacion.topbar.js", "JavaScript", 0, 0, 0, 72, 0, 0, 14, 86
"c:\Users\angel\OneDrive\Documentos\MediTrackWebApp\js\features\cuidador-vinculacion\cuidador-vinculacion.utils.js", "JavaScript", 0, 0, 0, 84, 0, 0, 16, 100
"c:\Users\angel\OneDrive\Documentos\MediTrackWebApp\js\features\dashboard-cuidador\dashboard-cuidador.controller.js", "JavaScript", 0, 0, 0, 25, 0, 0, 6, 31
"c:\Users\angel\OneDrive\Documentos\MediTrackWebApp\js\features\dashboard-cuidador\dashboard-cuidador.data.js", "JavaScript", 0, 0, 0, 176, 0, 1, 29, 206
"c:\Users\angel\OneDrive\Documentos\MediTrackWebApp\js\features\dashboard-cuidador\dashboard-cuidador.dom.js", "JavaScript", 0, 0, 0, 236, 0, 0, 48, 284
"c:\Users\angel\OneDrive\Documentos\MediTrackWebApp\js\features\dashboard-cuidador\dashboard-cuidador.events.js", "JavaScript", 0, 0, 0, 87, 0, 0, 22, 109
"c:\Users\angel\OneDrive\Documentos\MediTrackWebApp\js\features\dashboard-cuidador\dashboard-cuidador.state.js", "JavaScript", 0, 0, 0, 49, 0, 0, 2, 51
"c:\Users\angel\OneDrive\Documentos\MediTrackWebApp\js\features\dashboard-cuidador\dashboard-cuidador.utils.js", "JavaScript", 0, 0, 0, 71, 0, 0, 15, 86
"c:\Users\angel\OneDrive\Documentos\MediTrackWebApp\js\features\dashboard-paciente\dashboard-paciente.controller.js", "JavaScript", 0, 0, 0, 69, 0, 0, 11, 80
"c:\Users\angel\OneDrive\Documentos\MediTrackWebApp\js\features\dashboard-paciente\dashboard-paciente.daily.js", "JavaScript", 0, 0, 0, 244, 0, 7, 42, 293
"c:\Users\angel\OneDrive\Documentos\MediTrackWebApp\js\features\dashboard-paciente\dashboard-paciente.data.js", "JavaScript", 0, 0, 0, 4, 0, 0, 2, 6
"c:\Users\angel\OneDrive\Documentos\MediTrackWebApp\js\features\dashboard-paciente\dashboard-paciente.dom.js", "JavaScript", 0, 0, 0, 22, 0, 0, 5, 27
"c:\Users\angel\OneDrive\Documentos\MediTrackWebApp\js\features\dashboard-paciente\dashboard-paciente.events.js", "JavaScript", 0, 0, 0, 32, 0, 0, 8, 40
"c:\Users\angel\OneDrive\Documentos\MediTrackWebApp\js\features\dashboard-paciente\dashboard-paciente.state.js", "JavaScript", 0, 0, 0, 27, 0, 0, 2, 29
"c:\Users\angel\OneDrive\Documentos\MediTrackWebApp\js\features\paciente-medicinas\medicamentos.alarma.js", "JavaScript", 0, 0, 0, 131, 0, 3, 21, 155
"c:\Users\angel\OneDrive\Documentos\MediTrackWebApp\js\features\paciente-medicinas\medicamentos.controller.js", "JavaScript", 0, 0, 0, 90, 0, 3, 17, 110
"c:\Users\angel\OneDrive\Documentos\MediTrackWebApp\js\features\paciente-medicinas\medicamentos.modal.js", "JavaScript", 0, 0, 0, 125, 0, 0, 22, 147
"c:\Users\angel\OneDrive\Documentos\MediTrackWebApp\js\features\paciente-medicinas\medicamentos.render.js", "JavaScript", 0, 0, 0, 42, 0, 0, 5, 47
"c:\Users\angel\OneDrive\Documentos\MediTrackWebApp\js\features\paciente-medicinas\medicamentos.state.js", "JavaScript", 0, 0, 0, 7, 0, 0, 1, 8
"c:\Users\angel\OneDrive\Documentos\MediTrackWebApp\js\features\paciente-medicinas\paciente-medicinas.page-controller.js", "JavaScript", 0, 0, 0, 28, 0, 0, 8, 36
"c:\Users\angel\OneDrive\Documentos\MediTrackWebApp\js\features\paciente-medicinas\paciente-medicinas.topbar.js", "JavaScript", 0, 0, 0, 46, 0, 0, 10, 56
"c:\Users\angel\OneDrive\Documentos\MediTrackWebApp\js\features\paciente\paciente.controller.js", "JavaScript", 0, 0, 0, 12, 0, 0, 5, 17
"c:\Users\angel\OneDrive\Documentos\MediTrackWebApp\js\features\perfil-cuidador\perfil-cuidador.actions.js", "JavaScript", 0, 0, 0, 105, 0, 0, 22, 127
"c:\Users\angel\OneDrive\Documentos\MediTrackWebApp\js\features\perfil-cuidador\perfil-cuidador.controller.js", "JavaScript", 0, 0, 0, 40, 0, 0, 8, 48
"c:\Users\angel\OneDrive\Documentos\MediTrackWebApp\js\features\perfil-cuidador\perfil-cuidador.data.js", "JavaScript", 0, 0, 0, 18, 0, 0, 4, 22
"c:\Users\angel\OneDrive\Documentos\MediTrackWebApp\js\features\perfil-cuidador\perfil-cuidador.dom.js", "JavaScript", 0, 0, 0, 70, 0, 0, 14, 84
"c:\Users\angel\OneDrive\Documentos\MediTrackWebApp\js\features\perfil-cuidador\perfil-cuidador.events.js", "JavaScript", 0, 0, 0, 35, 0, 0, 9, 44
"c:\Users\angel\OneDrive\Documentos\MediTrackWebApp\js\features\perfil-cuidador\perfil-cuidador.state.js", "JavaScript", 0, 0, 0, 50, 0, 0, 2, 52
"c:\Users\angel\OneDrive\Documentos\MediTrackWebApp\js\features\perfil-cuidador\perfil-cuidador.topbar.js", "JavaScript", 0, 0, 0, 21, 0, 0, 5, 26
"c:\Users\angel\OneDrive\Documentos\MediTrackWebApp\js\features\perfil-paciente\perfil-paciente.actions.js", "JavaScript", 0, 0, 0, 223, 0, 0, 44, 267
"c:\Users\angel\OneDrive\Documentos\MediTrackWebApp\js\features\perfil-paciente\perfil-paciente.controller.js", "JavaScript", 0, 0, 0, 132, 0, 5, 27, 164
"c:\Users\angel\OneDrive\Documentos\MediTrackWebApp\js\features\perfil-paciente\perfil-paciente.data.js", "JavaScript", 0, 0, 0, 29, 0, 0, 10, 39
"c:\Users\angel\OneDrive\Documentos\MediTrackWebApp\js\features\perfil-paciente\perfil-paciente.dom.js", "JavaScript", 0, 0, 0, 82, 0, 0, 13, 95
"c:\Users\angel\OneDrive\Documentos\MediTrackWebApp\js\features\perfil-paciente\perfil-paciente.edit.js", "JavaScript", 0, 0, 0, 60, 0, 0, 16, 76
"c:\Users\angel\OneDrive\Documentos\MediTrackWebApp\js\features\perfil-paciente\perfil-paciente.state.js", "JavaScript", 0, 0, 0, 65, 0, 0, 6, 71
"c:\Users\angel\OneDrive\Documentos\MediTrackWebApp\js\features\perfil-paciente\perfil-paciente.tags.js", "JavaScript", 0, 0, 0, 91, 0, 0, 10, 101
"c:\Users\angel\OneDrive\Documentos\MediTrackWebApp\js\guards\guard.js", "JavaScript", 0, 0, 0, 16, 0, 0, 4, 20
"c:\Users\angel\OneDrive\Documentos\MediTrackWebApp\js\pages\alarmas.page.js", "JavaScript", 0, 0, 0, 8, 0, 0, 2, 10
"c:\Users\angel\OneDrive\Documentos\MediTrackWebApp\js\pages\cuidador-alarmas.page.js", "JavaScript", 0, 0, 0, 8, 0, 0, 3, 11
"c:\Users\angel\OneDrive\Documentos\MediTrackWebApp\js\pages\cuidador-medicinas.page.js", "JavaScript", 0, 0, 0, 6, 0, 0, 3, 9
"c:\Users\angel\OneDrive\Documentos\MediTrackWebApp\js\pages\cuidador-vinculacion.page.js", "JavaScript", 0, 0, 0, 6, 0, 0, 3, 9
"c:\Users\angel\OneDrive\Documentos\MediTrackWebApp\js\pages\dashboard-cuidador.page.js", "JavaScript", 0, 0, 0, 6, 0, 0, 3, 9
"c:\Users\angel\OneDrive\Documentos\MediTrackWebApp\js\pages\dashboard-paciente.page.js", "JavaScript", 0, 0, 0, 6, 0, 0, 3, 9
"c:\Users\angel\OneDrive\Documentos\MediTrackWebApp\js\pages\index.js", "JavaScript", 0, 0, 0, 106, 0, 0, 23, 129
"c:\Users\angel\OneDrive\Documentos\MediTrackWebApp\js\pages\paciente-medicinas.page.js", "JavaScript", 0, 0, 0, 12, 0, 0, 4, 16
"c:\Users\angel\OneDrive\Documentos\MediTrackWebApp\js\pages\perfil-cuidador.page.js", "JavaScript", 0, 0, 0, 6, 0, 0, 3, 9
"c:\Users\angel\OneDrive\Documentos\MediTrackWebApp\js\pages\perfil-paciente.page.js", "JavaScript", 0, 0, 0, 6, 0, 0, 3, 9
"c:\Users\angel\OneDrive\Documentos\MediTrackWebApp\js\pages\registro-cuidador.js", "JavaScript", 0, 0, 0, 61, 0, 0, 11, 72
"c:\Users\angel\OneDrive\Documentos\MediTrackWebApp\js\pages\registro-paciente.js", "JavaScript", 0, 0, 0, 60, 0, 0, 11, 71
"c:\Users\angel\OneDrive\Documentos\MediTrackWebApp\js\services\alarma.service.js", "JavaScript", 0, 0, 0, 97, 0, 34, 22, 153
"c:\Users\angel\OneDrive\Documentos\MediTrackWebApp\js\services\cuidador.service.js", "JavaScript", 0, 0, 0, 75, 0, 29, 22, 126
"c:\Users\angel\OneDrive\Documentos\MediTrackWebApp\js\services\medicina.service.js", "JavaScript", 0, 0, 0, 59, 0, 6, 15, 80
"c:\Users\angel\OneDrive\Documentos\MediTrackWebApp\js\services\paciente.service.js", "JavaScript", 0, 0, 0, 78, 0, 5, 19, 102
"c:\Users\angel\OneDrive\Documentos\MediTrackWebApp\js\utils\form-validation.js", "JavaScript", 0, 0, 0, 87, 0, 0, 25, 112
"c:\Users\angel\OneDrive\Documentos\MediTrackWebApp\js\utils\http-error.util.js", "JavaScript", 0, 0, 0, 100, 0, 2, 22, 124
"c:\Users\angel\OneDrive\Documentos\MediTrackWebApp\pages\alarmas.html", "HTML", 0, 0, 169, 0, 0, 9, 14, 192
"c:\Users\angel\OneDrive\Documentos\MediTrackWebApp\pages\cuidador-alarmas.html", "HTML", 0, 0, 214, 0, 0, 10, 18, 242
"c:\Users\angel\OneDrive\Documentos\MediTrackWebApp\pages\cuidador-medicinas.html", "HTML", 0, 0, 191, 0, 0, 1, 21, 213
"c:\Users\angel\OneDrive\Documentos\MediTrackWebApp\pages\cuidador-vinculacion.html", "HTML", 0, 0, 67, 0, 0, 0, 6, 73
"c:\Users\angel\OneDrive\Documentos\MediTrackWebApp\pages\dashboard-cuidador.html", "HTML", 0, 0, 186, 0, 0, 0, 36, 222
"c:\Users\angel\OneDrive\Documentos\MediTrackWebApp\pages\dashboard-paciente.html", "HTML", 0, 0, 90, 0, 0, 2, 20, 112
"c:\Users\angel\OneDrive\Documentos\MediTrackWebApp\pages\medicamentos.html", "HTML", 0, 0, 169, 0, 0, 2, 18, 189
"c:\Users\angel\OneDrive\Documentos\MediTrackWebApp\pages\perfil-cuidador.html", "HTML", 0, 0, 109, 0, 0, 0, 17, 126
"c:\Users\angel\OneDrive\Documentos\MediTrackWebApp\pages\perfil-paciente.html", "HTML", 0, 0, 110, 0, 0, 1, 17, 128
"c:\Users\angel\OneDrive\Documentos\MediTrackWebApp\pages\registro-cuidador.html", "HTML", 0, 0, 87, 0, 0, 0, 16, 103
"c:\Users\angel\OneDrive\Documentos\MediTrackWebApp\pages\registro-paciente.html", "HTML", 0, 0, 85, 0, 0, 0, 13, 98
"c:\Users\angel\OneDrive\Documentos\MediTrackWebApp\styles\alarmas\alarm-item.css", "PostCSS", 0, 62, 0, 0, 0, 1, 11, 74
"c:\Users\angel\OneDrive\Documentos\MediTrackWebApp\styles\alarmas\badges.css", "PostCSS", 0, 70, 0, 0, 0, 3, 11, 84
"c:\Users\angel\OneDrive\Documentos\MediTrackWebApp\styles\alarmas\cards.css", "PostCSS", 0, 7, 0, 0, 0, 0, 3, 10
"c:\Users\angel\OneDrive\Documentos\MediTrackWebApp\styles\alarmas\detail-actions.css", "PostCSS", 0, 64, 0, 0, 0, 1, 12, 77
"c:\Users\angel\OneDrive\Documentos\MediTrackWebApp\styles\alarmas\detail-panel.css", "PostCSS", 0, 66, 0, 0, 0, 3, 11, 80
"c:\Users\angel\OneDrive\Documentos\MediTrackWebApp\styles\alarmas\edit-form.css", "PostCSS", 0, 42, 0, 0, 0, 1, 7, 50
"c:\Users\angel\OneDrive\Documentos\MediTrackWebApp\styles\alarmas\empty-states.css", "PostCSS", 0, 84, 0, 0, 0, 2, 12, 98
"c:\Users\angel\OneDrive\Documentos\MediTrackWebApp\styles\alarmas\index.css", "PostCSS", 0, 26, 0, 0, 0, 2, 5, 33
"c:\Users\angel\OneDrive\Documentos\MediTrackWebApp\styles\alarmas\layout.css", "PostCSS", 0, 386, 0, 0, 0, 8, 63, 457
"c:\Users\angel\OneDrive\Documentos\MediTrackWebApp\styles\alarmas\modal.css", "PostCSS", 0, 82, 0, 0, 0, 0, 14, 96
"c:\Users\angel\OneDrive\Documentos\MediTrackWebApp\styles\alarmas\responsive.css", "PostCSS", 0, 111, 0, 0, 0, 17, 25, 153
"c:\Users\angel\OneDrive\Documentos\MediTrackWebApp\styles\alarmas\toast.css", "PostCSS", 0, 29, 0, 0, 0, 1, 3, 33
"c:\Users\angel\OneDrive\Documentos\MediTrackWebApp\styles\alarmas\topbar.css", "PostCSS", 0, 75, 0, 0, 0, 2, 11, 88
"c:\Users\angel\OneDrive\Documentos\MediTrackWebApp\styles\cuidador-alarmas\index.css", "PostCSS", 0, 169, 0, 0, 0, 5, 23, 197
"c:\Users\angel\OneDrive\Documentos\MediTrackWebApp\styles\cuidador-alarmas\layout.css", "PostCSS", 0, 194, 0, 0, 0, 0, 34, 228
"c:\Users\angel\OneDrive\Documentos\MediTrackWebApp\styles\cuidador-medicinas\cards.css", "PostCSS", 0, 197, 0, 0, 0, 0, 32, 229
"c:\Users\angel\OneDrive\Documentos\MediTrackWebApp\styles\cuidador-medicinas\controls.css", "PostCSS", 0, 105, 0, 0, 0, 4, 15, 124
"c:\Users\angel\OneDrive\Documentos\MediTrackWebApp\styles\cuidador-medicinas\form.css", "PostCSS", 0, 48, 0, 0, 0, 0, 7, 55
"c:\Users\angel\OneDrive\Documentos\MediTrackWebApp\styles\cuidador-medicinas\header.css", "PostCSS", 0, 103, 0, 0, 0, 0, 13, 116
"c:\Users\angel\OneDrive\Documentos\MediTrackWebApp\styles\cuidador-medicinas\index.css", "PostCSS", 0, 14, 0, 0, 0, 0, 2, 16
"c:\Users\angel\OneDrive\Documentos\MediTrackWebApp\styles\cuidador-medicinas\layout.css", "PostCSS", 0, 38, 0, 0, 0, 0, 7, 45
"c:\Users\angel\OneDrive\Documentos\MediTrackWebApp\styles\cuidador-medicinas\modal.css", "PostCSS", 0, 95, 0, 0, 0, 0, 16, 111
"c:\Users\angel\OneDrive\Documentos\MediTrackWebApp\styles\cuidador-medicinas\responsive.css", "PostCSS", 0, 23, 0, 0, 0, 0, 5, 28
"c:\Users\angel\OneDrive\Documentos\MediTrackWebApp\styles\cuidador-vinculacion\cards.css", "PostCSS", 0, 34, 0, 0, 0, 0, 5, 39
"c:\Users\angel\OneDrive\Documentos\MediTrackWebApp\styles\cuidador-vinculacion\data.css", "PostCSS", 0, 24, 0, 0, 0, 0, 3, 27
"c:\Users\angel\OneDrive\Documentos\MediTrackWebApp\styles\cuidador-vinculacion\form.css", "PostCSS", 0, 56, 0, 0, 0, 0, 10, 66
"c:\Users\angel\OneDrive\Documentos\MediTrackWebApp\styles\cuidador-vinculacion\index.css", "PostCSS", 0, 14, 0, 0, 0, 0, 2, 16
"c:\Users\angel\OneDrive\Documentos\MediTrackWebApp\styles\cuidador-vinculacion\layout.css", "PostCSS", 0, 13, 0, 0, 0, 0, 3, 16
"c:\Users\angel\OneDrive\Documentos\MediTrackWebApp\styles\cuidador-vinculacion\menu.css", "PostCSS", 0, 21, 0, 0, 0, 0, 2, 23
"c:\Users\angel\OneDrive\Documentos\MediTrackWebApp\styles\cuidador-vinculacion\modal.css", "PostCSS", 0, 58, 0, 0, 0, 0, 10, 68
"c:\Users\angel\OneDrive\Documentos\MediTrackWebApp\styles\cuidador-vinculacion\responsive.css", "PostCSS", 0, 20, 0, 0, 0, 0, 5, 25
"c:\Users\angel\OneDrive\Documentos\MediTrackWebApp\styles\cuidador-vinculacion\top-nav.css", "PostCSS", 0, 18, 0, 0, 0, 0, 4, 22
"c:\Users\angel\OneDrive\Documentos\MediTrackWebApp\styles\dashboard-cuidador\cards.css", "PostCSS", 0, 385, 0, 0, 0, 8, 60, 453
"c:\Users\angel\OneDrive\Documentos\MediTrackWebApp\styles\dashboard-cuidador\dashboard.css", "PostCSS", 0, 35, 0, 0, 0, 2, 6, 43
"c:\Users\angel\OneDrive\Documentos\MediTrackWebApp\styles\dashboard-cuidador\index.css", "PostCSS", 0, 6, 0, 0, 0, 0, 1, 7
"c:\Users\angel\OneDrive\Documentos\MediTrackWebApp\styles\dashboard-cuidador\modal.css", "PostCSS", 0, 239, 0, 0, 0, 13, 37, 289
"c:\Users\angel\OneDrive\Documentos\MediTrackWebApp\styles\dashboard-cuidador\responsive.css", "PostCSS", 0, 56, 0, 0, 0, 4, 15, 75
"c:\Users\angel\OneDrive\Documentos\MediTrackWebApp\styles\dashboard-cuidador\topbar.css", "PostCSS", 0, 172, 0, 0, 0, 3, 21, 196
"c:\Users\angel\OneDrive\Documentos\MediTrackWebApp\styles\dashboard-paciente\cards.css", "PostCSS", 0, 32, 0, 0, 0, 5, 6, 43
"c:\Users\angel\OneDrive\Documentos\MediTrackWebApp\styles\dashboard-paciente\daily-sections.css", "PostCSS", 0, 7, 0, 0, 0, 0, 1, 8
"c:\Users\angel\OneDrive\Documentos\MediTrackWebApp\styles\dashboard-paciente\ds-badges.css", "PostCSS", 0, 22, 0, 0, 0, 2, 3, 27
"c:\Users\angel\OneDrive\Documentos\MediTrackWebApp\styles\dashboard-paciente\ds-layout.css", "PostCSS", 0, 58, 0, 0, 0, 4, 11, 73
"c:\Users\angel\OneDrive\Documentos\MediTrackWebApp\styles\dashboard-paciente\ds-medicamentos.css", "PostCSS", 0, 110, 0, 0, 0, 1, 18, 129
"c:\Users\angel\OneDrive\Documentos\MediTrackWebApp\styles\dashboard-paciente\ds-metrics.css", "PostCSS", 0, 26, 0, 0, 0, 1, 4, 31
"c:\Users\angel\OneDrive\Documentos\MediTrackWebApp\styles\dashboard-paciente\ds-progress.css", "PostCSS", 0, 37, 0, 0, 0, 2, 6, 45
"c:\Users\angel\OneDrive\Documentos\MediTrackWebApp\styles\dashboard-paciente\ds-states.css", "PostCSS", 0, 35, 0, 0, 0, 2, 7, 44
"c:\Users\angel\OneDrive\Documentos\MediTrackWebApp\styles\dashboard-paciente\ds-tomas.css", "PostCSS", 0, 42, 0, 0, 0, 1, 6, 49
"c:\Users\angel\OneDrive\Documentos\MediTrackWebApp\styles\dashboard-paciente\index.css", "PostCSS", 0, 6, 0, 0, 0, 0, 1, 7
"c:\Users\angel\OneDrive\Documentos\MediTrackWebApp\styles\dashboard-paciente\layout.css", "PostCSS", 0, 17, 0, 0, 0, 2, 3, 22
"c:\Users\angel\OneDrive\Documentos\MediTrackWebApp\styles\dashboard-paciente\responsive.css", "PostCSS", 0, 23, 0, 0, 0, 1, 5, 29
"c:\Users\angel\OneDrive\Documentos\MediTrackWebApp\styles\dashboard-paciente\topbar.css", "PostCSS", 0, 119, 0, 0, 0, 1, 14, 134
"c:\Users\angel\OneDrive\Documentos\MediTrackWebApp\styles\home\form.css", "PostCSS", 0, 141, 0, 0, 0, 9, 24, 174
"c:\Users\angel\OneDrive\Documentos\MediTrackWebApp\styles\home\index.css", "PostCSS", 0, 6, 0, 0, 0, 0, 1, 7
"c:\Users\angel\OneDrive\Documentos\MediTrackWebApp\styles\home\layout.css", "PostCSS", 0, 52, 0, 0, 0, 4, 8, 64
"c:\Users\angel\OneDrive\Documentos\MediTrackWebApp\styles\home\modal.css", "PostCSS", 0, 71, 0, 0, 0, 2, 11, 84
"c:\Users\angel\OneDrive\Documentos\MediTrackWebApp\styles\home\responsive.css", "PostCSS", 0, 14, 0, 0, 0, 1, 3, 18
"c:\Users\angel\OneDrive\Documentos\MediTrackWebApp\styles\home\social.css", "PostCSS", 0, 46, 0, 0, 0, 1, 7, 54
"c:\Users\angel\OneDrive\Documentos\MediTrackWebApp\styles\medicamentos\cards.css", "PostCSS", 0, 133, 0, 0, 0, 3, 22, 158
"c:\Users\angel\OneDrive\Documentos\MediTrackWebApp\styles\medicamentos\controls.css", "PostCSS", 0, 34, 0, 0, 0, 1, 5, 40
"c:\Users\angel\OneDrive\Documentos\MediTrackWebApp\styles\medicamentos\form.css", "PostCSS", 0, 125, 0, 0, 0, 2, 18, 145
"c:\Users\angel\OneDrive\Documentos\MediTrackWebApp\styles\medicamentos\header.css", "PostCSS", 0, 115, 0, 0, 0, 1, 15, 131
"c:\Users\angel\OneDrive\Documentos\MediTrackWebApp\styles\medicamentos\index.css", "PostCSS", 0, 11, 0, 0, 0, 0, 2, 13
"c:\Users\angel\OneDrive\Documentos\MediTrackWebApp\styles\medicamentos\layout.css", "PostCSS", 0, 30, 0, 0, 0, 3, 6, 39
"c:\Users\angel\OneDrive\Documentos\MediTrackWebApp\styles\medicamentos\modal.css", "PostCSS", 0, 91, 0, 0, 0, 1, 15, 107
"c:\Users\angel\OneDrive\Documentos\MediTrackWebApp\styles\medicamentos\responsive.css", "PostCSS", 0, 246, 0, 0, 0, 30, 48, 324
"c:\Users\angel\OneDrive\Documentos\MediTrackWebApp\styles\perfil-cuidador\cards.css", "PostCSS", 0, 199, 0, 0, 0, 0, 31, 230
"c:\Users\angel\OneDrive\Documentos\MediTrackWebApp\styles\perfil-cuidador\index.css", "PostCSS", 0, 9, 0, 0, 0, 0, 2, 11
"c:\Users\angel\OneDrive\Documentos\MediTrackWebApp\styles\perfil-cuidador\layout.css", "PostCSS", 0, 11, 0, 0, 0, 0, 2, 13
"c:\Users\angel\OneDrive\Documentos\MediTrackWebApp\styles\perfil-cuidador\responsive.css", "PostCSS", 0, 37, 0, 0, 0, 0, 9, 46
"c:\Users\angel\OneDrive\Documentos\MediTrackWebApp\styles\perfil-cuidador\topbar.css", "PostCSS", 0, 126, 0, 0, 0, 0, 17, 143
"c:\Users\angel\OneDrive\Documentos\MediTrackWebApp\styles\perfil-paciente\actions.css", "PostCSS", 0, 35, 0, 0, 0, 0, 4, 39
"c:\Users\angel\OneDrive\Documentos\MediTrackWebApp\styles\perfil-paciente\base.css", "PostCSS", 0, 33, 0, 0, 0, 0, 6, 39
"c:\Users\angel\OneDrive\Documentos\MediTrackWebApp\styles\perfil-paciente\form.css", "PostCSS", 0, 71, 0, 0, 0, 0, 11, 82
"c:\Users\angel\OneDrive\Documentos\MediTrackWebApp\styles\perfil-paciente\index.css", "PostCSS", 0, 8, 0, 0, 0, 0, 1, 9
"c:\Users\angel\OneDrive\Documentos\MediTrackWebApp\styles\perfil-paciente\layout.css", "PostCSS", 0, 35, 0, 0, 0, 0, 5, 40
"c:\Users\angel\OneDrive\Documentos\MediTrackWebApp\styles\perfil-paciente\modal.css", "PostCSS", 0, 39, 0, 0, 0, 1, 6, 46
"c:\Users\angel\OneDrive\Documentos\MediTrackWebApp\styles\perfil-paciente\tags.css", "PostCSS", 0, 58, 0, 0, 0, 0, 7, 65
"c:\Users\angel\OneDrive\Documentos\MediTrackWebApp\styles\perfil-paciente\topbar.css", "PostCSS", 0, 132, 0, 0, 0, 1, 19, 152
"c:\Users\angel\OneDrive\Documentos\MediTrackWebApp\styles\registro\buttons.css", "PostCSS", 0, 17, 0, 0, 0, 1, 2, 20
"c:\Users\angel\OneDrive\Documentos\MediTrackWebApp\styles\registro\footer.css", "PostCSS", 0, 14, 0, 0, 0, 1, 3, 18
"c:\Users\angel\OneDrive\Documentos\MediTrackWebApp\styles\registro\form.css", "PostCSS", 0, 73, 0, 0, 0, 7, 13, 93
"c:\Users\angel\OneDrive\Documentos\MediTrackWebApp\styles\registro\index.css", "PostCSS", 0, 6, 0, 0, 0, 0, 1, 7
"c:\Users\angel\OneDrive\Documentos\MediTrackWebApp\styles\registro\layout.css", "PostCSS", 0, 69, 0, 0, 0, 3, 11, 83
"c:\Users\angel\OneDrive\Documentos\MediTrackWebApp\styles\registro\responsive.css", "PostCSS", 0, 17, 0, 0, 0, 1, 4, 22
"c:\Users\angel\OneDrive\Documentos\MediTrackWebApp\styles\variables.css", "PostCSS", 0, 216, 0, 0, 0, 40, 30, 286
"Total", "-", 0, 6095, 1560, 6934, 1, 355, 2506, 17451